{
    "$schema": "https://schema.management.azure.com/schemas/2015-01-01/deploymentParameters.json#",
    "contentVersion": "1.0.0.0",
    "parameters": {
        "resourceName": {
            "value": "cluster-k8s"
        },
        "location": {
            "value": "eastus"
        },
        "dnsPrefix": {
            "value": "cluster-k8s-dns"
        },
        "kubernetesVersion": {
            "value": "1.25.5"
        },
        "networkPlugin": {
            "value": "kubenet"
        },
        "enableRBAC": {
            "value": true
        },
        "nodeResourceGroup": {
            "value": "MC_myapp-rg_cluster-k8s_eastus"
        },
        "upgradeChannel": {
            "value": "none"
        },
        "adminGroupObjectIDs": {
            "value": []
        },
        "disableLocalAccounts": {
            "value": false
        },
        "azureRbac": {
            "value": false
        },
        "enablePrivateCluster": {
            "value": false
        },
        "enableHttpApplicationRouting": {
            "value": true
        },
        "enableAzurePolicy": {
            "value": false
        },
        "enableSecretStoreCSIDriver": {
            "value": false
        },
        "vmssNodePool": {
            "value": true
        }
    }
}